/player/alex-lincoln?position=LB, Alex Lincoln, ILB, Auburn,  2001
/player/alfred-fincher?position=LB, Alfred Fincher, ILB, Connecticut,  2005
/player/ali-highsmith?position=LB, Ali Highsmith, OLB, LSU,  2008
/player/alvin-bowen?position=LB, Alvin Bowen, OLB, Iowa State,  2008
/player/amarlo-herrera?position=LB, Amarlo Herrera, ILB, Georgia,  2015
/player/andra-davis?position=LB, Andra Davis, ILB, Florida,  2002
/player/andre-oneal?position=LB, Andre O'Neal, ILB, Marshall,  2000
/player/andrew-jackson-2014?position=LB, Andrew Jackson, ILB, Western Kentucky,  2014
/player/andy-katzenmoyer?position=LB, Andy Katzenmoyer, ILB, Ohio State,  1999
/player/angelo-craig?position=LB, Angelo Craig, OLB, Cincinnati,  2008
/player/angelo-crowell?position=LB, Angelo Crowell, ILB, Virginia,  2003
/player/anthony-barr?position=LB, Anthony Barr, OLB, UCLA,  2014
/player/anthony-felder?position=LB, Anthony Felder, ILB, California,  2009
/player/anthony-hitchens?position=LB, Anthony Hitchens, OLB, Iowa,  2014
/player/anthony-schlegel?position=LB, Anthony Schlegel, ILB, Ohio State,  2006
/player/anthony-sessions?position=LB, Anthony Sessions, OLB, Tennessee,  2001
/player/anthony-trucks?position=LB, Anthony Trucks, OLB, Oregon,  2006
/player/anthony-walker-jr?position=LB, Anthony Walker Jr., LB, Northwestern,  2017
/player/anthony-waters?position=LB, Anthony Waters, ILB, Clemson,  2007
/player/antico-dalton?position=LB, Antico Dalton, OLB, Hampton,  1999
/player/aj-edds?position=LB, A.J. Edds, OLB, Iowa,  2010
/player/aj-hawk?position=LB, A.J. Hawk, OLB, Ohio State,  2006
/player/aj-klein?position=LB, A.J. Klein, ILB, Iowa State,  2013
/player/aj-nicholson?position=LB, A.J. Nicholson, OLB, Florida State,  2006
/player/aaron-curry?position=LB, Aaron Curry, OLB, Wake Forest,  2009
/player/aaron-davis?position=LB, Aaron Davis, OLB, Colorado State,  2015
/player/abdul-hodge?position=LB, Abdul Hodge, ILB, Iowa,  2006
/player/adam-seward?position=LB, Adam Seward, ILB, UNLV,  2005
/player/adrian-hubbard?position=LB, Adrian Hubbard, OLB, Alabama,  2014
/player/adrian-moten?position=LB, Adrian Moten, OLB, Maryland,  2011
/player/adrian-tracy?position=LB, Adrian Tracy, OLB, William & Mary,  2010
/player/akeem-ayers?position=LB, Akeem Ayers, OLB, UCLA,  2011
/player/akeem-dent?position=LB, Akeem Dent, ILB, Georgia,  2011
/player/akin-ayodele?position=LB, Akin Ayodele, OLB, Purdue,  2002
/player/al-wilson?position=LB, Al Wilson, ILB, Tennessee,  1999
/player/alani-fua?position=LB, Alani Fua, OLB, BYU,  2015
/player/albert-mcclellan?position=LB, Albert McClellan, ILB, Marshall,  2010
/player/alec-ogletree?position=LB, Alec Ogletree, ILB, Georgia,  2013
/player/alex-anzalone?position=LB, Alex Anzalone, LB, Florida,  2017
/player/alex-lewis?position=LB, Alex Lewis, OLB, Wisconsin,  2004
/player/blair-phillips?position=LB, Blair Phillips, ILB, Oregon,  2007
/player/blake-martinez?position=LB, Blake Martinez, ILB, Stanford,  2016
/player/bobbie-howard?position=LB, Bobbie Howard, ILB, Notre Dame,  1999
/player/bobby-wagner?position=LB, Bobby Wagner, OLB, Utah State,  2012
/player/boomer-grigsby?position=LB, Boomer Grigsby, ILB, Illinois State,  2005
/player/boris-lee?position=LB, Boris Lee, ILB, Troy,  2010
/player/boseko-lokombo?position=LB, Boseko Lokombo, OLB, Oregon,  2014
/player/boss-bailey?position=LB, Boss Bailey, OLB, Georgia,  2003
/player/bradie-james?position=LB, Bradie James, ILB, LSU,  2003
/player/brandon-chillar?position=LB, Brandon Chillar, OLB, UCLA,  2004
/player/brandon-graham?position=LB, Brandon Graham, OLB, Michigan,  2010
/player/brandon-hepburn?position=LB, Brandon Hepburn, ILB, Florida A&M,  2013
/player/brandon-johnson?position=LB, Brandon Johnson, OLB, Louisville,  2006
/player/brandon-lindsey?position=LB, Brandon Lindsey, OLB, Pittsburgh,  2012
/player/brandon-magee?position=LB, Brandon Magee, OLB, Arizona State,  2013
/player/brandon-marshall-2012?position=LB, Brandon Marshall, OLB, Nevada,  2012
/player/brandon-moore-2002?position=LB, Brandon Moore, OLB, Oklahoma,  2002
/player/brandon-siler?position=LB, Brandon Siler, ILB, Florida,  2007
/player/brandon-southward?position=LB, Brandon Southward, ILB, Colorado,  1999
/player/brandon-spikes?position=LB, Brandon Spikes, ILB, Florida,  2010
/player/antonio-coleman?position=LB, Antonio Coleman, OLB, Auburn,  2010
/player/antonio-wilson?position=LB, Antonio Wilson, OLB, Texas A&M-Commerce,  2000
/player/antwan-peek?position=LB, Antwan Peek, OLB, Cincinnati,  2003
/player/arthur-brown?position=LB, Arthur Brown, OLB, Kansas State,  2013
/player/arthur-moats?position=LB, Arthur Moats, OLB, James Madison,  2010
/player/audie-cole?position=LB, Audie Cole, ILB, NC State,  2012
/player/avery-williamson?position=LB, Avery Williamson, ILB, Kentucky,  2014
/player/barrett-green?position=LB, Barrett Green, OLB, West Virginia,  2000
/player/bj-goodson?position=LB, B.J. Goodson, OLB, Clemson,  2016
/player/barrett-ruud?position=LB, Barrett Ruud, ILB, Nebraska,  2005
/player/ben-boulware?position=LB, Ben Boulware, ILB, Clemson,  2017
/player/barry-gardner?position=LB, Barry Gardner, ILB, Northwestern,  1999
/player/ben-gedeon?position=LB, Ben Gedeon, ILB, Michigan,  2017
/player/ben-heeney?position=LB, Ben Heeney, ILB, Kansas,  2015
/player/ben-leber?position=LB, Ben Leber, OLB, Kansas State,  2002
/player/ben-taylor?position=LB, Ben Taylor, ILB, Virginia Tech,  2002
/player/benardrick-mckinney?position=LB, Benardrick McKinney, ILB, Mississippi State,  2015
/player/beniquez-brown?position=LB, Beniquez Brown, OLB, Mississippi State,  2016
/player/billy-strother?position=LB, Billy Strother, OLB, New Mexico,  2004
/player/blair-brown?position=LB, Blair Brown, LB, Ohio,  2017
/player/buster-davis?position=LB, Buster Davis, ILB, Florida State,  2007
/player/byron-hardmon?position=LB, Byron Hardmon, ILB, Florida,  2003
/player/cj-johnson?position=LB, C.J. Johnson, ILB, Ole Miss,  2016
/player/cj-mclain?position=LB, C.J. McLain, OLB, Arkansas,  1999
/player/cj-mosley-2014?position=LB, C.J. Mosley, ILB, Alabama,  2014
/player/caleb-mcsurdy?position=LB, Caleb McSurdy, ILB, Montana,  2012
/player/caleb-miller?position=LB, Caleb Miller, ILB, Arkansas,  2004
/player/cameron-sheffield?position=LB, Cameron Sheffield, OLB, Troy,  2010
/player/cameron-vaughn?position=LB, Cameron Vaughn, OLB, LSU,  2006
/player/cameron-wake?position=LB, Cameron Wake, OLB, Penn State,  2005
/player/carl-bradford?position=LB, Carl  Bradford, OLB, Arizona State,  2014
/player/carl-ihenacho?position=LB, Carl Ihenacho, OLB, San Jose State,  2010
/player/carlos-polk?position=LB, Carlos Polk, ILB, Nebraska,  2001
/player/casey-matthews?position=LB, Casey Matthews, ILB, Oregon,  2011
/player/cassanova-mckinzy?position=LB, Cassanova McKinzy, ILB, Auburn,  2016
/player/cedric-pittman?position=LB, Cedric Pittman, OLB, Nevada,  2000
/player/chad-greenway?position=LB, Chad Greenway, OLB, Iowa,  2006
/player/chad-kelsay?position=LB, Chad Kelsay, OLB, Nebraska,  1999
/player/charlton-keith?position=LB, Charlton Keith, OLB, Kansas,  2006
/player/chase-thomas?position=LB, Chase Thomas, OLB, Stanford,  2013
/player/chaun-thompson?position=LB, Chaun Thompson, OLB, West Texas A&M,  2003
/player/chike-okeafor?position=LB, Chike Okeafor, OLB, Purdue,  1999
/player/chris-borland?position=LB, Chris  Borland, ILB, Wisconsin,  2014
/player/chris-carter?position=LB, Chris Carter, OLB, Fresno State,  2011
/player/chris-claiborne?position=LB, Chris Claiborne, ILB, USC,  1999
/player/chris-clemons?position=LB, Chris Clemons, OLB, Georgia,  2003
/player/chris-galippo?position=LB, Chris Galippo, ILB, USC,  2012
/player/chris-jones?position=LB, Chris Jones, OLB, Clemson,  1999
/player/chris-white-2011?position=LB, Chris White, ILB, Mississippi State,  2011
/player/christian-jones?position=LB, Christian Jones, ILB, Florida State,  2014
/player/clark-haggans?position=LB, Clark Haggans, OLB, Colorado State,  2000
/player/christian-kirksey?position=LB, Christian Kirksey, OLB, Iowa,  2014
/player/clay-matthews?position=LB, Clay Matthews, OLB, USC,  2009
/player/cliff-avril?position=LB, Cliff Avril, OLB, Purdue,  2008
/player/clifton-smith?position=LB, Clifton Smith, ILB, Syracuse,  2003
/player/clint-ingram?position=LB, Clint Ingram, OLB, Oklahoma,  2006
/player/clint-sintim?position=LB, Clint Sintim, OLB, Virginia,  2009
/player/cody-brown?position=LB, Cody Brown, OLB, Connecticut,  2009
/player/cody-glenn?position=LB, Cody Glenn, OLB, Nebraska,  2009
/player/cody-spencer?position=LB, Cody Spencer, ILB, North Texas,  2004
/player/brandon-spoon?position=LB, Brandon Spoon, ILB, North Carolina,  2001
/player/brendon-ayanbadejo?position=LB, Brendon Ayanbadejo, OLB, UCLA,  1999
/player/brian-allen?position=LB, Brian Allen, OLB, Florida State,  2001
/player/brian-cushing?position=LB, Brian Cushing, OLB, USC,  2009
/player/brian-rogers?position=LB, Brian Rogers, ILB, Oregon State,  1999
/player/brian-rolle?position=LB, Brian Rolle, OLB, Ohio State,  2011
/player/brian-smith?position=LB, Brian Smith, OLB, UAB,  1999
/player/brian-urlacher?position=LB, Brian Urlacher, OLB, New Mexico,  2000
/player/brooks-ellis?position=LB, Brooks Ellis, ILB, Arkansas,  2017
/player/brooks-reed?position=LB, Brooks Reed, OLB, Arizona,  2011
/player/bruce-carter?position=LB, Bruce Carter, OLB, North Carolina,  2011
/player/bruce-davis?position=LB, Bruce Davis, OLB, UCLA,  2008
/player/bruce-irvin?position=LB, Bruce Irvin, OLB, West Virginia,  2012
/player/bruce-miller?position=LB, Bruce Miller, OLB, UCF,  2011
/player/bruce-taylor?position=LB, Bruce Taylor, OLB, Virginia Tech,  2013
/player/bryan-hickman?position=LB, Bryan Hickman, OLB, Kansas State,  2004
/player/bryan-jones?position=LB, Bryan Jones, OLB, Oregon,  1999
/player/bryan-kehl?position=LB, Bryan Kehl, OLB, BYU,  2008
/player/bryan-smith?position=LB, Bryan Smith, OLB, McNeese State,  2008
/player/bryce-hager?position=LB, Bryce Hager, ILB, Baylor,  2015
/player/colby-bockwoldt?position=LB, Colby Bockwoldt, OLB, BYU,  2004
/player/colin-mccarthy?position=LB, Colin McCarthy, ILB, Miami,  2011
/player/cols-colas?position=LB, Cols Colas, OLB, Virginia Tech,  2004
/player/connor-barwin?position=LB, Connor Barwin, OLB, Cincinnati,  2009
/player/connor-harris?position=LB, Connor Harris, ILB, Lindenwood,  2017
/player/corey-atkins?position=LB, Corey Atkins, OLB, South Carolina,  2000
/player/corey-moore?position=LB, Corey Moore, OLB, Virginia Tech,  2000
/player/cornelius-wortham?position=LB, Cornelius Wortham, OLB, Alabama,  2005
/player/cory-littleton?position=LB, Cory Littleton, OLB, Washington,  2016
/player/courtland-bullard?position=LB, Courtland Bullard, OLB, Ohio State,  2002
/player/courtney-ledyard?position=LB, Courtney Ledyard, ILB, Michigan State,  1999
/player/courtney-upshaw?position=LB, Courtney Upshaw, OLB, Alabama,  2012
/player/courtney-watson?position=LB, Courtney Watson, OLB, Notre Dame,  2004
/player/curt-maggitt?position=LB, Curt Maggitt, OLB, Tennessee,  2016
/player/curtis-gatewood?position=LB, Curtis Gatewood, OLB, Vanderbilt,  2008
/player/curtis-johnson?position=LB, Curtis Johnson, OLB, Clark Atlanta,  2008
/player/curtis-lofton?position=LB, Curtis Lofton, ILB, Oklahoma,  2008
/player/dqwell-jackson?position=LB, D'Qwell Jackson, ILB, Maryland,  2006
/player/dd-lewis?position=LB, D.D. Lewis, ILB, Texas,  2002
/player/dj-smith?position=LB, D.J. Smith, OLB, Appalachian State,  2011
/player/dashon-polk?position=LB, DaShon Polk, OLB, Arizona,  2000
/player/dale-robinson?position=LB, Dale Robinson, ILB, Arizona State,  2006
/player/dallas-sartz?position=LB, Dallas Sartz, OLB, USC,  2007
/player/damien-wilson?position=LB, Damien Wilson, ILB, Minnesota,  2015
/player/danny-clark?position=LB, Danny Clark, ILB, Illinois,  2000
/player/danny-trevathan?position=LB, Danny Trevathan, OLB, Kentucky,  2012
/player/darius-fleming?position=LB, Darius Fleming, OLB, Notre Dame,  2012
/player/darron-lee?position=LB, Darron Lee, OLB, Ohio State,  2016
/player/darry-beckwith?position=LB, Darry Beckwith, ILB, LSU,  2009
/player/darryl-blackstock?position=LB, Darryl Blackstock, OLB, Virginia,  2005
/player/darryl-sharpton?position=LB, Darryl Sharpton, ILB, Miami,  2010
/player/daryl-smith?position=LB, Daryl Smith, OLB, Georgia Tech,  2004
/player/daryl-towns?position=LB, Daryl Towns, OLB, Nevada,  2004
/player/daryl-washington?position=LB, Daryl Washington, OLB, TCU,  2010
/player/dat-nguyen?position=LB, Dat Nguyen, ILB, Texas A&M,  1999
/player/david-harris?position=LB, David Harris, ILB, Michigan,  2007
/player/david-thornton?position=LB, David Thornton, OLB, North Carolina,  2002
/player/davis-tull?position=LB, Davis Tull, OLB, Tennessee-Chattanooga,  2015
/player/devondre-campbell?position=LB, De'Vondre Campbell, OLB, Minnesota,  2016
/player/deandre-levy?position=LB, DeAndre Levy, OLB, Wisconsin,  2009
/player/demarcus-ware?position=LB, DeMarcus Ware, OLB, Troy,  2005
/player/demeco-ryans?position=LB, DeMeco Ryans, OLB, Alabama,  2006
/player/deion-jones?position=LB, Deion Jones, OLB, LSU,  2016
/player/dekoda-watson?position=LB, Dekoda Watson, OLB, Florida State,  2010
/player/demario-davis?position=LB, Demario Davis, OLB, Arkansas State,  2012
/player/demorrio-williams?position=LB, Demorrio Williams, OLB, Nebraska,  2004
/player/denzel-perryman?position=LB, Denzel Perryman, ILB, Miami,  2015
/player/derik-stevenson?position=LB, Derik Stevenson, OLB, BYU,  1999
/player/derrell-johnson?position=LB, Derrell Johnson, ILB, East Carolina,  2014
/player/derrick-johnson?position=LB, Derrick Johnson, OLB, Texas,  2005
/player/derrick-pope?position=LB, Derrick Pope, OLB, Alabama,  2004
/player/deryck-toles?position=LB, Deryck Toles, OLB, Penn State,  2004
/player/desmond-bishop?position=LB, Desmond Bishop, ILB, California,  2007
/player/devante-bond?position=LB, Devante Bond, OLB, Oklahoma,  2016
/player/devin-unga?position=LB, Devin Unga, ILB, BYU,  2014
/player/devon-kennard?position=LB, Devon Kennard, OLB, USC,  2014
/player/devonte-holloman?position=LB, Devonte Holloman, OLB, South Carolina,  2013
/player/devonte-fields?position=LB, Devonte' Fields, OLB, Louisville,  2017
/player/dexter-davis?position=LB, Dexter Davis, OLB, Arizona State,  2010
/player/dhani-jones?position=LB, Dhani Jones, OLB, Michigan,  2000
/player/eric-striker?position=LB, Eric Striker, OLB, Oklahoma,  2016
/player/eric-westmoreland?position=LB, Eric Westmoreland, OLB, Tennessee,  2001
/player/erin-henderson?position=LB, Erin Henderson, OLB, Maryland,  2008
/player/ernie-sims?position=LB, Ernie Sims, OLB, Florida State,  2006
/player/etienne-sabino?position=LB, Etienne Sabino, OLB, Ohio State,  2013
/player/fred-jones?position=LB, Fred Jones, OLB, Colorado,  2000
/player/freddie-roach?position=LB, Freddie Roach, ILB, Alabama,  2006
/player/freddy-keiaho?position=LB, Freddy Keiaho, ILB, San Diego State,  2006
/player/gary-guyton?position=LB, Gary Guyton, OLB, Georgia Tech,  2008
/player/gary-stills?position=LB, Gary Stills, OLB, West Virginia,  1999
/player/geno-hayes?position=LB, Geno Hayes, OLB, Florida State,  2008
/player/gerald-hayes?position=LB, Gerald Hayes, ILB, Pittsburgh,  2003
/player/gerald-hodges?position=LB, Gerald Hodges, OLB, Penn State,  2013
/player/gerald-mcrath?position=LB, Gerald McRath, ILB, Southern Miss,  2009
/player/gerris-wilkinson?position=LB, Gerris Wilkinson, ILB, Georgia Tech,  2006
/player/gionni-paul?position=LB, Gionni Paul, OLB, Utah,  2016
/player/greg-jones?position=LB, Greg Jones, ILB, Michigan State,  2011
/player/greg-lloyd?position=LB, Greg Lloyd, ILB, Connecticut,  2011
/player/greg-richmond?position=LB, Greg Richmond, OLB, Oklahoma State,  2004
/player/hannibal-navies?position=LB, Hannibal Navies, OLB, Colorado,  1999
/player/jamie-burrow?position=LB, Jamie Burrow, ILB, Nebraska,  2002
/player/jamie-collins?position=LB, Jamie Collins, OLB, Southern Miss,  2013
/player/jamie-winborn?position=LB, Jamie Winborn, ILB, Vanderbilt,  2001
/player/jared-norris?position=LB, Jared Norris, ILB, Utah,  2016
/player/jarrad-davis?position=LB, Jarrad Davis, LB, Florida,  2017
/player/jarvis-jones?position=LB, Jarvis Jones, OLB, Georgia,  2013
/player/jashon-sykes?position=LB, Jashon Sykes, OLB, Colorado,  2002
/player/jason-beauchamp?position=LB, Jason Beauchamp, ILB, UNLV,  2010
/player/jason-glenn?position=LB, Jason Glenn, OLB, Texas A&M,  2001
/player/jason-phillips?position=LB, Jason Phillips, ILB, TCU,  2009
/player/jason-worilds?position=LB, Jason Worilds, OLB, Virginia Tech,  2010
/player/jasper-brinkley?position=LB, Jasper Brinkley, ILB, South Carolina,  2009
/player/jatavis-brown?position=LB, Jatavis Brown, OLB, Akron,  2016
/player/jay-foreman?position=LB, Jay Foreman, ILB, Nebraska,  1999
/player/jaylon-smith?position=LB, Jaylon Smith, OLB, Notre Dame,  2016
/player/jayon-brown?position=LB, Jayon Brown, LB, UCLA,  2017
/player/jeff-kelly?position=LB, Jeff Kelly, ILB, Kansas State,  1999
/player/jeff-ulbrich?position=LB, Jeff Ulbrich, ILB, Hawai'i,  2000
/player/jelani-jenkins?position=LB, Jelani Jenkins, OLB, Florida,  2013
/player/jeremiah-george?position=LB, Jeremiah George, ILB, Iowa State,  2014
/player/jeremiah-pharms?position=LB, Jeremiah Pharms, OLB, Washington,  2001
/player/jeremiha-hunter?position=LB, Jeremiha Hunter, OLB, Iowa,  2011
/player/jeremy-beal?position=LB, Jeremy Beal, ILB, Oklahoma,  2011
/player/jeremy-loyd?position=LB, Jeremy Loyd, OLB, Iowa State,  2003
/player/jermaine-petty?position=LB, Jermaine Petty, ILB, Arkansas,  2002
/player/jerod-mayo?position=LB, Jerod Mayo, ILB, Tennessee,  2008
/player/jerry-hughes?position=LB, Jerry Hughes, OLB, TCU,  2010
/player/jevon-kearse?position=LB, Jevon Kearse, OLB, Florida,  1999
/player/jolonn-dunbar?position=LB, Jo-Lonn Dunbar, ILB, Boston College,  2008
/player/jojo-mathis?position=LB, JoJo Mathis, OLB, Washington,  2017
/player/joe-cooper?position=LB, Joe Cooper, OLB, Ohio State,  2002
/player/joe-odom?position=LB, Joe Odom, OLB, Purdue,  2003
/player/joe-schobert?position=LB, Joe Schobert, OLB, Wisconsin,  2016
/player/joe-wesley?position=LB, Joe Wesley, ILB, LSU,  1999
/player/joey-porter?position=LB, Joey Porter, OLB, Colorado State,  1999
/player/john-lotulelei?position=LB, John Lotulelei, OLB, UNLV,  2013
/player/john-mclaughlin?position=LB, John McLaughlin, OLB, California,  1999
/player/johnathan-goddard?position=LB, Johnathan Goddard, OLB, Marshall,  2005
/player/johnny-rutledge?position=LB, Johnny Rutledge, ILB, Florida,  1999
/player/jon-abbate?position=LB, Jon Abbate, ILB, Wake Forest,  2007
/player/hardy-nickerson?position=LB, Hardy Nickerson, LB, Illinois,  2017
/player/hauoli-kikaha?position=LB, Hau'oli Kikaha, OLB, Washington,  2015
/player/hayes-pullard?position=LB, Hayes Pullard, ILB, USC,  2015
/player/horace-miller?position=LB, Horace Miller, OLB, Texas-El Paso,  2014
/player/ian-gold?position=LB, Ian Gold, OLB, Michigan,  2000
/player/jr-tavai?position=LB, J.R. Tavai, OLB, USC,  2015
/player/jt-thomas?position=LB, J.T. Thomas, OLB, West Virginia,  2011
/player/jabrill-peppers?position=LB, Jabrill Peppers, LB, Michigan,  2017
/player/jake-ryan?position=LB, Jake Ryan, OLB, Michigan,  2015
/player/jalen-reeves-maybin?position=LB, Jalen Reeves-Maybin, LB, Tennessee,  2017
/player/jamar-chaney?position=LB, Jamar Chaney, ILB, Mississippi State,  2010
/player/jamar-enzor?position=LB, Jamar Enzor, OLB, Cincinnati,  2005
/player/jamar-williams?position=LB, Jamar Williams, OLB, Arizona State,  2006
/player/jameel-mcclain?position=LB, Jameel McClain, ILB, Syracuse,  2008
/player/jamel-smith?position=LB, Jamel Smith, ILB, Virginia Tech,  2000
/player/james-allen?position=LB, James Allen, OLB, Oregon State,  2002
/player/james-anderson?position=LB, James Anderson, OLB, Virginia Tech,  2006
/player/james-laurinaitis?position=LB, James Laurinaitis, ILB, Ohio State,  2009
/player/james-morris?position=LB, James Morris, ILB, Iowa,  2014
/player/jamesmichael-johnson?position=LB, James-Michael Johnson, ILB, Nevada,  2012
/player/dominique-alexander?position=LB, Dominique Alexander, ILB, Oklahoma,  2016
/player/dominique-stevenson?position=LB, Dominique Stevenson, OLB, Tennessee,  2002
/player/donald-butler?position=LB, Donald Butler, ILB, Washington,  2010
/player/donnie-spragan?position=LB, Donnie Spragan, OLB, Stanford,  1999
/player/donta-hightower?position=LB, Dont'a Hightower, ILB, Alabama,  2012
/player/dontarrious-thomas?position=LB, Dontarrious Thomas, OLB, Auburn,  2004
/player/dontay-moch?position=LB, Dontay Moch, OLB, Nevada,  2011
/player/doug-hogue?position=LB, Doug Hogue, OLB, Syracuse,  2011
/player/duke-riley?position=LB, Duke Riley, OLB, LSU,  2017
/player/durell-mapp?position=LB, Durell Mapp, OLB, North Carolina,  2008
/player/dustin-lyman?position=LB, Dustin Lyman, ILB, Wake Forest,  2000
/player/dwan-epps?position=LB, Dwan Epps, ILB, Texas Southern,  2000
/player/ej-henderson?position=LB, E.J. Henderson, ILB, Maryland,  2003
/player/earl-everett?position=LB, Earl Everett, OLB, Florida,  2007
/player/edgerton-hartwell?position=LB, Edgerton Hartwell, ILB, Western Illinois,  2001
/player/edmond-robinson?position=LB, Edmond Robinson, OLB, Newberry,  2015
/player/emmanuel-acho?position=LB, Emmanuel Acho, OLB, Texas,  2012
/player/eric-barton?position=LB, Eric Barton, ILB, Maryland,  1999
/player/eric-kendricks?position=LB, Eric Kendricks, ILB, UCLA,  2015
/player/eric-norwood?position=LB, Eric Norwood, OLB, South Carolina,  2010
/player/kentrell-brothers?position=LB, Kentrell Brothers, OLB, Missouri,  2016
/player/kevin-bentley?position=LB, Kevin Bentley, OLB, Northwestern,  2002
/player/kevin-burnett?position=LB, Kevin Burnett, OLB, Tennessee,  2005
/player/kevin-akins?position=LB, Kevin Akins, OLB, Boston College,  2009
/player/kevin-davis?position=LB, Kevin Davis, LB, Colorado State,  2017
/player/kevin-ellison?position=LB, Kevin Ellison, OLB, USC,  2009
/player/kevin-homer?position=LB, Kevin Homer, ILB, Chadron State,  1999
/player/kevin-mccullar?position=LB, Kevin McCullar, OLB, Texas Tech,  1999
/player/kevin-minter?position=LB, Kevin Minter, ILB, LSU,  2013
/player/kevin-pierrelouis?position=LB, Kevin Pierre-Louis, OLB, Boston College,  2014
/player/kevin-reddick?position=LB, Kevin Reddick, ILB, North Carolina,  2013
/player/kevin-simon?position=LB, Kevin Simon, OLB, Tennessee,  2006
/player/keyaron-fox?position=LB, Keyaron Fox, OLB, Georgia Tech,  2004
/player/keyon-whiteside?position=LB, Keyon Whiteside, ILB, Tennessee,  2003
/player/khairi-fortt?position=LB, Khairi Fortt, ILB, California,  2014
/player/khalid-abdullah?position=LB, Khalid Abdullah, OLB, Mars Hill,  2003
/player/khalil-mack?position=LB, Khalil Mack, OLB, Buffalo,  2014
/player/khari-samuel?position=LB, Khari Samuel, ILB, Massachusetts,  1999
/player/khaseem-greene?position=LB, Khaseem Greene, OLB, Rutgers,  2013
/player/kiko-alonso?position=LB, Kiko Alonso, ILB, Oregon,  2013
/player/jon-alston?position=LB, Jon Alston, OLB, Stanford,  2006
/player/jon-beason?position=LB, Jon Beason, OLB, Miami,  2007
/player/jonas-mouton?position=LB, Jonas Mouton, OLB, Michigan,  2011
/player/jonathan-bostic?position=LB, Jonathan Bostic, ILB, Florida,  2013
/player/jonathan-brown?position=LB, Jonathan Brown, OLB, Illinois,  2014
/player/jonathan-casillas?position=LB, Jonathan Casillas, OLB, Wisconsin,  2009
/player/jonathan-goff?position=LB, Jonathan Goff, ILB, Vanderbilt,  2008
/player/jonathan-harrell?position=LB, Jonathan Harrell, OLB, Northern Iowa,  2004
/player/jonathan-massaquoi?position=LB, Jonathan Massaquoi, OLB, Troy,  2012
/player/jonathan-pollard?position=LB, Jonathan Pollard, OLB, Oregon State,  2005
/player/jonathan-stewart-2013?position=LB, Jonathan Stewart, ILB, Texas A&M,  2013
/player/jonathan-welsh?position=LB, Jonathan Welsh, OLB, Wisconsin,  2005
/player/jordan-beck?position=LB, Jordan Beck, OLB, Cal Poly,  2005
/player/jordan-hicks?position=LB, Jordan Hicks, OLB, Texas,  2015
/player/jordan-jenkins?position=LB, Jordan Jenkins, OLB, Georgia,  2016
/player/jordan-tripp?position=LB, Jordan Tripp, OLB, Montana,  2014
/player/jordan-zumwalt?position=LB, Jordan Zumwalt, ILB, UCLA,  2014
/player/jordon-dizon?position=LB, Jordon Dizon, OLB, Colorado,  2008
/player/jorge-cordova?position=LB, Jorge Cordova, ILB, Nevada,  2004
/player/josh-buhl?position=LB, Josh Buhl, OLB, Kansas State,  2004
/player/kion-wilson?position=LB, Kion Wilson, ILB, South Florida,  2010
/player/kirk-morrison?position=LB, Kirk Morrison, ILB, San Diego State,  2005
/player/koa-misi?position=LB, Koa Misi, OLB, Utah,  2010
/player/kory-minor?position=LB, Kory Minor, OLB, Notre Dame,  1999
/player/kris-frost?position=LB, Kris Frost, OLB, Auburn,  2016
/player/kroy-biermann?position=LB, Kroy Biermann, OLB, Montana,  2008
/player/kwon-alexander?position=LB, Kwon Alexander, OLB, LSU,  2015
/player/kyle-bosworth?position=LB, Kyle Bosworth, OLB, UCLA,  2010
/player/kyle-emanuel?position=LB, Kyle Emanuel, OLB, North Dakota State,  2015
/player/kyle-vannoy?position=LB, Kyle Van Noy, OLB, BYU,  2014
/player/kyle-wilber?position=LB, Kyle Wilber, OLB, Wake Forest,  2012
/player/kyler-fackrell?position=LB, Kyler Fackrell, OLB, Utah State,  2016
/player/lamarcus-mcdonald?position=LB, LaMarcus McDonald, ILB, TCU,  2003
/player/lamin-barrow?position=LB, Lamin Barrow, OLB, LSU,  2014
/player/lamont-green?position=LB, Lamont Green, OLB, Florida,  1999
/player/lance-briggs?position=LB, Lance Briggs, ILB, Arizona,  2003
/player/lance-mitchell?position=LB, Lance Mitchell, ILB, Oklahoma,  2005
/player/landon-johnson?position=LB, Landon Johnson, OLB, Purdue,  2004
/player/larry-english?position=LB, Larry English, OLB, Northern Illinois,  2009
/player/larry-foote?position=LB, Larry Foote, OLB, Michigan,  2002
/player/kareem-martin?position=LB, Kareem Martin, OLB, North Carolina,  2014
/player/kavell-conner?position=LB, Kavell Conner, OLB, Clemson,  2010
/player/kawika-mitchell?position=LB, Kawika Mitchell, ILB, South Florida,  2003
/player/keaton-kristick?position=LB, Keaton Kristick, OLB, Oregon State,  2010
/player/keenan-clayton?position=LB, Keenan Clayton, OLB, Oklahoma,  2010
/player/keenan-robinson?position=LB, Keenan Robinson, OLB, Texas,  2012
/player/keith-adams?position=LB, Keith Adams, OLB, Clemson,  2001
/player/keith-bulluck?position=LB, Keith Bulluck, OLB, Syracuse,  2000
/player/keith-ellison?position=LB, Keith Ellison, OLB, Oregon State,  2006
/player/keith-kelsey?position=LB, Keith Kelsey, LB, Louisville,  2017
/player/keith-miller?position=LB, Keith Miller, ILB, California,  2000
/player/keith-newman?position=LB, Keith Newman, ILB, North Carolina,  1999
/player/keith-pough?position=LB, Keith Pough, OLB, Howard,  2013
/player/kelvin-sheppard?position=LB, Kelvin Sheppard, ILB, LSU,  2011
/player/kelvin-smith?position=LB, Kelvin Smith, ILB, Syracuse,  2007
/player/kendell-beckwith?position=LB, Kendell Beckwith, ILB, LSU,  2017
/player/kendell-ogle?position=LB, Kendell Ogle, OLB, Maryland,  1999
/player/kendrell-bell?position=LB, Kendrell Bell, ILB, Georgia,  2001
/player/kendyll-pope?position=LB, Kendyll Pope, OLB, Florida State,  2004
/player/kenneth-pettway?position=LB, Kenneth Pettway, OLB, Grambling State,  2005
/player/josh-forrest?position=LB, Josh Forrest, ILB, Kentucky,  2016
/player/josh-hull?position=LB, Josh Hull, ILB, Penn State,  2010
/player/josh-kaddu?position=LB, Josh Kaddu, OLB, Oregon,  2012
/player/josh-thornhill?position=LB, Josh Thornhill, ILB, Michigan State,  2002
/player/joshua-perry?position=LB, Joshua Perry, ILB, Ohio State,  2016
/player/julian-stanford?position=LB, Julian Stanford, OLB, 2012, 
/player/junior-galette?position=LB, Junior Galette, OLB, Stillman,  2010
/player/justin-cole?position=LB, Justin Cole, OLB, San Jose State,  2010
/player/justin-durant?position=LB, Justin Durant, ILB, Hampton,  2007
/player/justin-ena?position=LB, Justin Ena, ILB, BYU,  2002
/player/justin-hickman?position=LB, Justin Hickman, OLB, UCLA,  2007
/player/justin-houston?position=LB, Justin Houston, OLB, Georgia,  2011
/player/justin-jackson?position=LB, Justin Jackson, OLB, Wake Forest,  2014
/player/justin-warren?position=LB, Justin Warren, ILB, Texas A&M,  2007
/player/juwan-simpson?position=LB, Juwan Simpson, OLB, Alabama,  2007
/player/kj-wright?position=LB, K.J. Wright, OLB, Mississippi State,  2011
/player/kamichael-hall?position=LB, KaMichael Hall, OLB, Georgia Tech,  2007
/player/kabeer-gbajabiamila?position=LB, Kabeer Gbaja-Biamila, OLB, San Diego State,  2000
/player/kai-parham?position=LB, Kai Parham, ILB, Virginia,  2006
/player/kaluka-maiava?position=LB, Kaluka Maiava, OLB, USC,  2009
/player/matt-hughes?position=LB, Matt Hughes, ILB, Iowa,  1999
/player/matt-milano?position=LB, Matt Milano, OLB, Boston College,  2017
/player/matt-stewart?position=LB, Matt Stewart, OLB, Vanderbilt,  2001
/player/maurice-jones?position=LB, Maurice Jones, OLB, South Florida,  2004
/player/max-bullough?position=LB, Max Bullough, ILB, Michigan State,  2014
/player/max-valles?position=LB, Max Valles, OLB, Virginia,  2015
/player/melvin-ingram?position=LB, Melvin Ingram, OLB, South Carolina,  2012
/player/micah-johnson?position=LB, Micah Johnson, ILB, Kentucky,  2010
/player/michael-boley?position=LB, Michael Boley, OLB, Southern Miss,  2005
/player/michael-boulware?position=LB, Michael Boulware, OLB, Florida State,  2004
/player/michael-mauti?position=LB, Michael Mauti, ILB, Penn State,  2013
/player/michael-okwo?position=LB, Michael Okwo, ILB, Stanford,  2007
/player/mike-goolsby?position=LB, Mike Goolsby, ILB, Notre Dame,  2005
/player/mike-hull?position=LB, Mike Hull, OLB, Penn State,  2015
/player/mike-humpal?position=LB, Mike Humpal, OLB, Iowa,  2008
/player/mike-mclaughlin?position=LB, Mike McLaughlin, ILB, Boston College,  2010
/player/mike-mohamed?position=LB, Mike Mohamed, ILB, California,  2011
/player/mike-nattiel?position=LB, Mike Nattiel, OLB, Florida,  2003
/player/mike-peterson?position=LB, Mike Peterson, OLB, Florida,  1999
/player/mike-stanec?position=LB, Mike Stanec, ILB, Youngstown State,  1999
/player/nick-rogers?position=LB, Nick Rogers, OLB, Georgia Tech,  2002
/player/nick-vigil?position=LB, Nick Vigil, ILB, Utah State,  2016
/player/nick-watkins?position=LB, Nick Watkins, OLB, Clemson,  2008
/player/nico-johnson?position=LB, Nico Johnson, OLB, Alabama,  2013
/player/nigel-bradham?position=LB, Nigel Bradham, OLB, Florida State,  2012
/player/niko-koutouvides?position=LB, Niko Koutouvides, ILB, Purdue,  2004
/player/odell-thurman?position=LB, Odell Thurman, ILB, Georgia,  2005
/player/oliver-hoyte?position=LB, Oliver Hoyte, ILB, NC State,  2006
/player/olrick-johnson?position=LB, Olrick Johnson, ILB, Florida A&M,  1999
/player/omar-gaither?position=LB, Omar Gaither, OLB, Tennessee,  2006
/player/orie-lemon?position=LB, Orie Lemon, ILB, Oklahoma State,  2011
/player/orlando-huff?position=LB, Orlando Huff, OLB, Fresno State,  2001
/player/orlando-ruff?position=LB, Orlando Ruff, ILB, Furman,  1999
/player/parc-williams?position=LB, Parc Williams, OLB, Minnesota,  1999
/player/pat-angerer?position=LB, Pat Angerer, ILB, Iowa,  2010
/player/patrick-chukwurah?position=LB, Patrick Chukwurah, OLB, Wyoming,  2001
/player/patrick-willis?position=LB, Patrick Willis, ILB, Ole Miss,  2007
/player/paul-dawson?position=LB, Paul Dawson, OLB, TCU,  2015
/player/paul-posluszny?position=LB, Paul Posluszny, OLB, Penn State,  2007
/player/perry-riley?position=LB, Perry Riley, OLB, LSU,  2010
/player/larry-grant?position=LB, Larry Grant, OLB, Ohio State,  2008
/player/lavonte-david?position=LB, Lavonte David, OLB, Nebraska,  2012
/player/lawrence-flugence?position=LB, Lawrence Flugence, ILB, Texas Tech,  2003
/player/lawrence-timmons?position=LB, Lawrence Timmons, OLB, Florida State,  2007
/player/lawrence-wilson?position=LB, Lawrence Wilson, OLB, Connecticut,  2011
/player/lee-campbell?position=LB, Lee Campbell, ILB, Minnesota,  2010
/player/lee-robinson?position=LB, Lee Robinson, OLB, Alcorn State,  2009
/player/leon-joe?position=LB, Leon Joe, OLB, Maryland,  2004
/player/leon-williams?position=LB, Leon Williams, ILB, Miami,  2006
/player/leonard-floyd?position=LB, Leonard Floyd, OLB, Georgia,  2016
/player/leroy-hill?position=LB, Leroy Hill, ILB, Clemson,  2005
/player/levar-fisher?position=LB, Levar Fisher, OLB, NC State,  2002
/player/liam-ezekiel?position=LB, Liam Ezekiel, ILB, Northeastern,  2005
/player/lofa-tatupu?position=LB, Lofa Tatupu, ILB, USC,  2005
/player/luke-kuechly?position=LB, Luke Kuechly, ILB, Boston College,  2012
/player/manny-lawson?position=LB, Manny Lawson, OLB, NC State,  2006
/player/manti-teo?position=LB, Manti Te'o, ILB, Notre Dame,  2013
/player/marcus-bell?position=LB, Marcus Bell, ILB, Arizona,  2000
/player/marcus-freeman?position=LB, Marcus Freeman, OLB, Ohio State,  2009
/player/marcus-howard?position=LB, Marcus Howard, OLB, Georgia,  2008
/player/marcus-lawrence?position=LB, Marcus Lawrence, ILB, South Carolina,  2005
/player/marcus-smith-2014?position=LB, Marcus Smith, OLB, Louisville,  2014
/player/marcus-washington-2000?position=LB, Marcus Washington, OLB, Auburn,  2000
/player/mario-haggan?position=LB, Mario Haggan, ILB, Mississippi State,  2003
/player/mark-brown?position=LB, Mark Brown, ILB, Auburn,  2003
/player/mark-herzlich?position=LB, Mark Herzlich, OLB, Boston College,  2011
/player/mark-nzeocha?position=LB, Mark Nzeocha, OLB, Wyoming,  2015
/player/mark-simoneau?position=LB, Mark Simoneau, OLB, Kansas State,  2000
/player/mark-word?position=LB, Mark Word, OLB, Jacksonville State,  1999
/player/markus-golden?position=LB, Markus Golden, DE, Missouri,  2015
/player/markus-steele?position=LB, Markus Steele, OLB, USC,  2001
/player/marquel-lee?position=LB, Marquel Lee, LB, Wake Forest,  2017
/player/marques-harris?position=LB, Marques Harris, OLB, Southern Utah,  2005
/player/marquis-cooper?position=LB, Marquis Cooper, OLB, Washington,  2004
/player/marquis-gibson?position=LB, Marquis Gibson, OLB, Missouri,  1999
/player/martez-wilson?position=LB, Martez Wilson, ILB, Illinois,  2011
/player/martin-patterson?position=LB, Martin Patterson, ILB, TCU,  2005
/player/martrell-spaight?position=LB, Martrell Spaight, OLB, Arkansas,  2015
/player/marvin-mitchell?position=LB, Marvin Mitchell, ILB, Tennessee,  2007
/player/mason-foster?position=LB, Mason Foster, OLB, Washington,  2011
/player/miles-burris?position=LB, Miles Burris, OLB, San Diego State,  2012
/player/moise-fokou?position=LB, Moise Fokou, OLB, Maryland,  2009
/player/montese-overton?position=LB, Montese Overton, OLB, East Carolina,  2016
/player/morlon-greenwood?position=LB, Morlon Greenwood, OLB, Syracuse,  2001
/player/morris-wooten?position=LB, Morris Wooten, ILB, Arizona State,  2009
/player/mortty-ivy?position=LB, Mortty Ivy, ILB, West Virginia,  2009
/player/mychal-kendricks?position=LB, Mychal Kendricks, ILB, California,  2012
/player/myles-jack?position=LB, Myles Jack, OLB, UCLA,  2016
/player/najee-good?position=LB, Najee Good, ILB, West Virginia,  2012
/player/napoleon-harris?position=LB, Napoleon Harris, OLB, Northwestern,  2002
/player/nate-harris?position=LB, Nate Harris, OLB, Louisville,  2007
/player/nate-triplett?position=LB, Nate Triplett, OLB, Minnesota,  2010
/player/nathan-stupar?position=LB, Nathan Stupar, OLB, Penn State,  2012
/player/navorro-bowman?position=LB, Navorro Bowman, OLB, Penn State,  2010
/player/neiron-ball?position=LB, Neiron Ball, OLB, Florida,  2015
/player/nic-harris?position=LB, Nic Harris, OLB, Oklahoma,  2009
/player/nick-barnett?position=LB, Nick Barnett, OLB, Oregon State,  2003
/player/nick-bellore?position=LB, Nick Bellore, ILB, Central Michigan,  2011
/player/nick-kwiatkoski?position=LB, Nick Kwiatkoski, ILB, West Virginia,  2016
/player/nick-moody?position=LB, Nick Moody, OLB, Florida State,  2013
/player/sean-spence?position=LB, Sean Spence, OLB, Miami,  2012
/player/sean-tufts?position=LB, Sean Tufts, OLB, Colorado,  2004
/player/sean-weatherspoon?position=LB, Sean Weatherspoon, OLB, Missouri,  2010
/player/sedrick-hodge?position=LB, Sedrick Hodge, OLB, North Carolina,  2001
/player/sekou-sanyika?position=LB, Sekou Sanyika, OLB, California,  2000
/player/sergio-kindle?position=LB, Sergio Kindle, OLB, Texas,  2010
/player/shannon-taylor?position=LB, Shannon Taylor, OLB, Virginia,  2000
/player/shaq-thompson?position=LB, Shaq Thompson, OLB, Washington,  2015
/player/shaquil-barrett?position=LB, Shaquil Barrett, OLB, Colorado State,  2014
/player/shawn-crable?position=LB, Shawn Crable, OLB, Michigan,  2008
/player/shawn-loiseau?position=LB, Shawn Loiseau, ILB, Merrimack,  2012
/player/shayne-skov?position=LB, Shayne Skov, ILB, Stanford,  2014
/player/shea-mcclellin?position=LB, Shea McClellin, OLB, Boise State,  2012
/player/simoni-lawrence?position=LB, Simoni Lawrence, OLB, Minnesota,  2010
/player/sio-moore?position=LB, Sio Moore, OLB, Connecticut,  2013
/player/solomon-bates?position=LB, Solomon Bates, ILB, Arizona State,  2003
/player/spencer-havner?position=LB, Spencer Havner, ILB, UCLA,  2006
/player/spencer-larsen?position=LB, Spencer Larsen, ILB, Arizona,  2008
/player/stanford-keglar?position=LB, Stanford Keglar, OLB, Purdue,  2008
/player/stanley-arnoux?position=LB, Stanley Arnoux, ILB, Wake Forest,  2009
/player/rennie-curran?position=LB, Rennie Curran, OLB, Georgia,  2010
/player/reuben-foster?position=LB, Reuben Foster, LB, Alabama,  2017
/player/rey-maualuga?position=LB, Rey Maualuga, ILB, USC,  2009
/player/rian-wallace?position=LB, Rian Wallace, OLB, Temple,  2005
/player/richard-seigler?position=LB, Richard Seigler, ILB, Oregon State,  2004
/player/rick-crowell?position=LB, Rick Crowell, OLB, Colorado State,  2001
/player/riley-bullough?position=LB, Riley Bullough, LB, Michigan State,  2017
/player/rob-morris?position=LB, Rob Morris, ILB, BYU,  2000
/player/robert-mccune?position=LB, Robert McCune, ILB, Louisville,  2005
/player/robert-reynolds?position=LB, Robert Reynolds, ILB, Ohio State,  2004
/player/robert-thomas?position=LB, Robert Thomas, OLB, UCLA,  2002
/player/rocky-boiman?position=LB, Rocky Boiman, OLB, Notre Dame,  2002
/player/rocky-calmus?position=LB, Rocky Calmus, OLB, Oklahoma,  2002
/player/rod-davis?position=LB, Rod Davis, ILB, Southern Miss,  2004
/player/roddrick-muckelroy?position=LB, Roddrick Muckelroy, OLB, Texas,  2010
/player/roger-mcintosh?position=LB, Roger McIntosh, OLB, Miami,  2006
/player/rolando-mcclain?position=LB, Rolando McClain, ILB, Alabama,  2010
/player/ronald-powell?position=LB, Ronald Powell, OLB, Florida,  2014
/player/ronnell-lewis?position=LB, Ronnell Lewis, OLB, Oklahoma,  2012
/player/rory-johnson?position=LB, Rory Johnson, OLB, Ole Miss,  2007
/player/ross-homan?position=LB, Ross Homan, OLB, Ohio State,  2011
/player/roylin-bradley?position=LB, Roylin Bradley, OLB, Texas A&M,  2001
/player/rufus-alexander?position=LB, Rufus Alexander, OLB, Oklahoma,  2007
/player/ryan-anderson?position=LB, Ryan Anderson, OLB, Alabama,  2017
/player/ryan-baker?position=LB, Ryan Baker, OLB, LSU,  2012
/player/ryan-fowler?position=LB, Ryan Fowler, ILB, Duke,  2004
/player/ryan-shazier?position=LB, Ryan Shazier, OLB, Ohio State,  2014
/player/sam-acho?position=LB, Sam Acho, OLB, Texas,  2011
/player/sam-barrington?position=LB, Sam Barrington, ILB, South Florida,  2013
/player/sam-maxwell?position=LB, Sam Maxwell, OLB, Kentucky,  2010
/player/sam-olajubutu?position=LB, Sam Olajubutu, OLB, Arkansas,  2007
/player/sam-sword?position=LB, Sam Sword, ILB, Michigan,  1999
/player/samson-ebukam?position=LB, Samson Ebukam, OLB, Eastern Washington,  2017
/player/scooby-wrightiii?position=LB, Scooby Wright III, ILB, Arizona,  2016
/player/scott-fujita?position=LB, Scott Fujita, OLB, California,  2002
/player/scott-lutrus?position=LB, Scott Lutrus, OLB, Connecticut,  2011
/player/scott-mckillop?position=LB, Scott McKillop, ILB, Pittsburgh,  2009
/player/scott-shanle?position=LB, Scott Shanle, OLB, Nebraska,  2003
/player/sean-lee?position=LB, Sean Lee, ILB, Penn State,  2010
/player/sean-porter?position=LB, Sean Porter, OLB, Texas A&M,  2013
/player/stephen-hodge?position=LB, Stephen Hodge, OLB, TCU,  2009
/player/stephen-nicholas?position=LB, Stephen Nicholas, OLB, South Florida,  2007
/player/stephen-tulloch?position=LB, Stephen Tulloch, ILB, NC State,  2006
/player/stephen-weatherly?position=LB, Stephen Weatherly, OLB, Vanderbilt,  2016
/player/stephone-anthony?position=LB, Stephone Anthony, ILB, Clemson,  2015
/player/steve-allen?position=LB, Steve Allen, ILB, West Texas A&M,  2008
/player/steve-beauharnais?position=LB, Steve Beauharnais, ILB, Rutgers,  2013
/player/steve-longa?position=LB, Steve Longa, OLB, Rutgers,  2016
/player/steve-octavien?position=LB, Steve Octavien, OLB, Nebraska,  2008
/player/steven-daniels?position=LB, Steven Daniels, ILB, Boston College,  2016
/player/steven-johnson?position=LB, Steven Johnson, OLB, Kansas,  2012
/player/stevenson-sylvester?position=LB, Stevenson Sylvester, OLB, Utah,  2010
/player/stewart-bradley?position=LB, Stewart Bradley, OLB, Nebraska,  2007
/player/sua-cravens?position=LB, Su'a Cravens, OLB, USC,  2016
/player/tj-hollowell?position=LB, T.J. Hollowell, OLB, Nebraska,  2004
/player/tj-slaughter?position=LB, T.J. Slaughter, ILB, Southern Miss,  2000
/player/tj-turner?position=LB, T.J. Turner, ILB, Michigan State,  2001
/player/tj-watt?position=LB, T.J. Watt, LB, Wisconsin,  2017
/player/tahir-whitehead?position=LB, Tahir Whitehead, OLB, Temple,  2012
/player/taiwan-jones-2015?position=LB, Taiwan Jones, ILB, Michigan State,  2015
/player/peter-sirmon?position=LB, Peter Sirmon, ILB, Oregon,  2000
/player/phil-glover?position=LB, Phil Glover, OLB, Utah,  1999
/player/philip-wheeler?position=LB, Philip Wheeler, ILB, Georgia Tech,  2008
/player/phillip-dillard?position=LB, Phillip Dillard, ILB, Nebraska,  2010
/player/pisa-tinoisamoa?position=LB, Pisa Tinoisamoa, OLB, Hawai'i,  2003
/player/prescott-burgess?position=LB, Prescott Burgess, OLB, Michigan,  2007
/player/preston-brown?position=LB, Preston Brown, ILB, Louisville,  2014
/player/prince-shembo?position=LB, Prince  Shembo, OLB, Notre Dame,  2014
/player/quan-sturdivant?position=LB, Quan Sturdivant, ILB, North Carolina,  2011
/player/quentin-groves?position=LB, Quentin Groves, OLB, Auburn,  2008
/player/quincy-black?position=LB, Quincy Black, OLB, New Mexico,  2007
/player/quincy-monk?position=LB, Quincy Monk, ILB, North Carolina,  2002
/player/quinton-caver?position=LB, Quinton Caver, ILB, Arkansas,  2001
/player/quinton-culberson?position=LB, Quinton Culberson, OLB, Mississippi State,  2007
/player/raekwon-mcmillan?position=LB, Raekwon McMillan, LB, Ohio State,  2017
/player/rahim-abdullah?position=LB, Rahim Abdullah, OLB, Clemson,  1999
/player/ramik-wilson?position=LB, Ramik Wilson, ILB, Georgia,  2015
/player/raonall-smith?position=LB, Raonall Smith, OLB, Washington State,  2002
/player/raphael-kirby?position=LB, Raphael Kirby, ILB, Miami,  2016
/player/reggie-ragland?position=LB, Reggie Ragland, ILB, Alabama,  2016
/player/von-miller?position=LB, Von Miller, OLB, Texas A&M,  2011
/player/vontaze-burfict?position=LB, Vontaze Burfict, ILB, Arizona State,  2012
/player/wali-rainer?position=LB, Wali Rainer, ILB, Virginia,  1999
/player/warrick-holdman?position=LB, Warrick Holdman, OLB, Texas A&M,  1999
/player/wayne-daniels?position=LB, Wayne Daniels, OLB, TCU,  2011
/player/wesley-woodyard?position=LB, Wesley Woodyard, OLB, Kentucky,  2008
/player/will-witherspoon?position=LB, Will Witherspoon, OLB, Georgia,  2002
/player/william-kershaw?position=LB, William Kershaw, OLB, Maryland,  2006
/player/worrell-williams?position=LB, Worrell Williams, ILB, California,  2009
/player/xavier-adibi?position=LB, Xavier Adibi, OLB, Virginia Tech,  2008
/player/xzavier-dickson?position=LB, Xzavier Dickson, OLB, Alabama,  2015
/player/yannik-cudjoevirgil?position=LB, Yannik Cudjoe-Virgil, OLB, Maryland,  2015
/player/zach-brown?position=LB, Zach Brown, OLB, North Carolina,  2012
/player/yawin-smallwood?position=LB, Yawin Smallwood, OLB, Connecticut,  2014
/player/zach-cunningham?position=LB, Zach Cunningham, LB, Vanderbilt,  2017
/player/zach-latimer?position=LB, Zach Latimer, ILB, Oklahoma,  2007
/player/zack-follett?position=LB, Zack Follett, OLB, California,  2009
/player/zak-deossie?position=LB, Zak DeOssie, ILB, Brown,  2007
/player/zaviar-gooden?position=LB, Zaviar Gooden, OLB, Missouri,  2013
/player/tank-carder?position=LB, Tank Carder, OLB, TCU,  2012
/player/tanner-vallejo?position=LB, Tanner Vallejo, LB, Boise State,  2017
/player/tavares-gooden?position=LB, Tavares Gooden, ILB, Miami,  2008
/player/teddy-lehman?position=LB, Teddy Lehman, OLB, Oklahoma,  2004
/player/telvin-smith?position=LB, Telvin Smith, OLB, Florida State,  2014
/player/terna-nande?position=LB, Terna Nande, OLB, Miami (Ohio),  2006
/player/terrance-smith?position=LB, Terrance Smith, ILB, Florida State,  2016
/player/terrell-manning?position=LB, Terrell Manning, OLB, NC State,  2012
/player/terrence-robinson?position=LB, Terrence Robinson, ILB, Oklahoma State,  2003
/player/terry-houzah?position=LB, Terry Houzah, ILB, Mississippi Valley State,  1999
/player/terry-pierce?position=LB, Terry Pierce, ILB, Kansas State,  2003
/player/thaddeus-gibson?position=LB, Thaddeus Gibson, OLB, Ohio State,  2010
/player/thomas-howard?position=LB, Thomas Howard, OLB, UTEP,  2006
/player/thomas-williams?position=LB, Thomas Williams, ILB, USC,  2008
/player/tim-dobbins?position=LB, Tim Dobbins, ILB, Iowa State,  2006
/player/tim-mcgarigle?position=LB, Tim McGarigle, ILB, Northwestern,  2006
/player/tim-shaw?position=LB, Tim Shaw, OLB, Penn State,  2007
/player/tom-wort?position=LB, Tom Wort, ILB, Oklahoma,  2013
/player/tony-damato?position=LB, Tony D'Amato, ILB, Utah State,  1999
/player/tony-gilbert?position=LB, Tony Gilbert, ILB, Georgia,  2003
/player/tony-taylor?position=LB, Tony Taylor, OLB, Georgia,  2007
/player/tony-washington-2015?position=LB, Tony Washington, OLB, Oregon,  2015
/player/travis-feeney?position=LB, Travis Feeney, OLB, Washington,  2016
/player/travis-goethel?position=LB, Travis Goethel, ILB, Arizona State,  2010
/player/travis-lewis?position=LB, Travis Lewis, OLB, Oklahoma,  2012
/player/trent-bray?position=LB, Trent Bray, ILB, Oregon State,  2006
/player/trent-murphy?position=LB, Trent Murphy, OLB, Stanford,  2014
/player/trev-faulk?position=LB, Trev Faulk, ILB, LSU,  2002
/player/trevor-reilly?position=LB, Trevor Reilly, OLB, Utah,  2014
/player/trey-depriest?position=LB, Trey DePriest, ILB, Alabama,  2015
/player/tyjuan-hagler?position=LB, Tyjuan Hagler, OLB, Cincinnati,  2005
/player/tyler-matakevich?position=LB, Tyler Matakevich, OLB, Temple,  2016
/player/tyler-nielsen?position=LB, Tyler Nielsen, OLB, Iowa,  2012
/player/tyler-starr?position=LB, Tyler Starr, OLB, South Dakota,  2014
/player/tyreo-harrison?position=LB, Tyreo Harrison, ILB, Notre Dame,  2002
/player/tyrone-mckenzie?position=LB, Tyrone McKenzie, OLB, South Florida,  2009
/player/tyus-bowser?position=LB, Tyus Bowser, LB, Houston,  2017
/player/victor-butler?position=LB, Victor Butler, OLB, Oregon State,  2009
/player/victor-hobson?position=LB, Victor Hobson, ILB, Michigan,  2003
/player/vince-biegel?position=LB, Vince Biegel, OLB, Wisconsin,  2017
